transaction_id,company_id,customer_id,transaction_date,item_code,item_name,quantity,unit_price,total_amount
418824,314,6563,21/04/2024,BC-9250,Let,94,181.55,17065.7
425438,551,5859,06/12/2023,bN-3536,Ground,89,101.01,8989.89
263568,551,4644,21/01/2024,Mc-7112,Drop,10,13.73,137.3
780508,551,4931,19/01/2024,ls-0866,Industry,92,102.49,9429.08
561807,220,8285,10/03/2024,kg-8027,Recent,61,167.93,10243.73
222390,314,3873,12/05/2024,cL-4446,Ten,17,150.98,2566.66
380178,571,7367,18/03/2024,oD-7104,Property,65,55.15,3584.75
424386,551,4130,10/06/2024,cc-3616,Study,31,58.74,1820.94
195877,571,7876,02/04/2024,ac-0440,Probably,7,177.3,1241.1
145197,314,7143,10/01/2024,Li-9271,Again,61,166.6,10162.6
878601,593,7876,15/06/2024,MX-2111,Recent,8,177.84,1422.72
221434,220,7046,28/01/2024,hE-1761,Series,30,119.67,3590.1
567335,571,2330,23/05/2024,xU-2812,To,27,49.07,1324.89
542639,314,8289,27/05/2024,UJ-2180,Energy,30,149.34,4480.2
198838,551,4425,20/08/2024,JS-6585,Owner,70,95.16,6661.2
673163,551,4907,11/04/2024,jM-4391,Interview,81,130.17,10543.77
991096,571,6206,07/09/2024,xb-5458,Across,96,76.41,7335.36
101299,571,7460,05/01/2024,hF-4322,Simple,92,138.83,12772.36
607410,571,3124,26/07/2024,cl-2442,Whose,60,193.57,11614.2
788428,571,4123,26/03/2024,YF-5318,Check,69,39.37,2716.53
763004,551,7732,16/02/2024,QS-5319,Eight,23,179.67,4132.41
469750,314,5472,16/09/2024,Jw-6146,Almost,42,51.79,2175.18
768757,220,5472,18/03/2024,Ir-3606,Start,20,141.56,2831.2
938594,220,8053,11/01/2024,vP-4041,Keep,23,193.62,4453.26
108162,314,7276,06/09/2024,xH-4324,Protect,69,40.49,2793.81
218914,593,4123,16/01/2024,Le-7399,Involve,77,27.97,2153.69
399008,551,5792,21/09/2024,ZM-0400,Cold,56,66.87,3744.72
445398,593,6128,16/01/2024,mc-6398,Question,90,142.94,12864.6
669480,593,7507,29/08/2024,LN-3787,Good,26,63.78,1658.28
961891,220,8845,24/03/2024,xl-5106,Media,38,173.61,6597.18
339124,571,7367,17/08/2024,NV-6903,Miss,22,190.2,4184.4
533462,593,8555,31/08/2024,yC-6226,Their,90,17.48,1573.2
872529,314,7964,16/08/2024,Ka-3412,Fish,6,20.27,121.62
885237,571,6014,21/01/2024,zq-1242,Nearly,62,45.56,2824.72
776192,571,2223,22/04/2024,Dh-5867,Enough,82,61.08,5008.56
734651,220,7780,12/03/2024,MG-4446,Agency,89,158.68,14122.52
624228,551,9770,09/11/2024,rU-8836,Reality,85,99.33,8443.05
898285,593,5261,16/04/2024,fZ-0068,Fall,21,26.81,563.01
847081,593,9548,21/09/2024,Iw-0076,Often,61,106.09,6471.49
594665,571,6392,01/06/2024,lZ-7879,People,93,189.1,17586.3
891428,571,3709,20/11/2023,Be-9534,Discuss,10,17.48,174.8
202124,220,3209,14/01/2024,uC-9727,Trade,22,43.19,950.18
828565,551,8825,10/01/2024,TH-7475,Several,78,140.1,10927.8
939382,571,3112,06/02/2024,zI-0584,Rate,80,75.3,6024
724075,571,7406,18/12/2023,je-4282,World,100,42.36,4236
456479,220,3448,25/01/2024,eK-0077,Need,66,31.29,2065.14
152996,314,3389,04/01/2024,qf-7929,Five,98,12.47,1222.06
474076,220,7143,02/11/2024,vg-2750,Upon,71,62.01,4402.71
205569,593,7572,10/07/2024,xl-1449,Spend,66,182.13,12020.58
107455,593,6392,23/07/2024,fA-7663,Top,100,177.53,17753
379773,220,4841,17/05/2024,BZ-6762,Describe,63,80.39,5064.57
898974,551,8198,23/04/2024,Du-3412,Him,13,45.94,597.22
405526,220,8718,16/09/2024,Di-7532,Sea,46,114.42,5263.32
456367,593,6387,17/09/2024,IL-3721,Point,52,161.45,8395.4
566346,220,5734,20/08/2024,kr-5215,Worry,78,49.75,3880.5
473567,220,3306,25/07/2024,Wu-1165,Force,70,152.81,10696.7
449469,593,5261,08/10/2024,kJ-0342,Cold,14,94.55,1323.7
598327,551,4644,12/02/2024,dy-1841,Size,58,53.37,3095.46
193585,314,2330,10/04/2024,dh-7722,City,13,106.56,1385.28
762871,593,5279,27/12/2023,fK-6914,Partner,2,64.58,129.16
204511,314,8882,03/02/2024,CS-4628,Example,54,29.29,1581.66
901181,593,3124,21/03/2024,kU-2642,Bed,14,192.72,2698.08
321691,593,3124,15/07/2024,vH-8571,Language,95,183.88,17468.6
935759,314,3786,12/09/2024,wl-4702,Money,64,96.04,6146.56
337167,571,3709,05/11/2024,Bg-3127,Herself,23,14.56,334.88
888127,314,2968,06/02/2024,pN-1523,Officer,30,77.11,2313.3
429735,314,3854,24/07/2024,GQ-7597,Unit,64,176.78,11313.92
383057,571,6387,06/09/2024,lr-4099,Deal,52,183.8,9557.6
624793,571,8959,10/06/2024,hd-1472,Lose,57,56.9,3243.3
655918,314,4931,03/06/2024,VQ-8998,How,14,57.39,803.46
540224,220,6600,13/03/2024,Fj-9535,Nature,22,125.6,2763.2
856997,571,9776,23/08/2024,fJ-0720,To,50,144.28,7214
119636,593,8198,07/10/2024,tQ-2105,Daughter,76,110.71,8413.96
903131,314,5859,05/12/2023,yP-0325,Next,44,93.71,4123.24
749700,551,8718,31/07/2024,Uc-5636,Pick,61,86.82,5296.02
872638,571,3967,05/02/2024,Aj-9070,Stand,47,153,7191
310938,220,5472,05/12/2023,sX-9254,Various,42,31.45,1320.9
574380,551,3135,22/03/2024,Zr-8675,Name,74,191.48,14169.52
419146,593,5511,01/05/2024,zW-8565,Fast,64,168.48,10782.72
830572,593,3873,16/11/2023,BV-3746,Sister,2,115.91,231.82
967689,571,8053,08/10/2024,kN-2273,Yeah,32,170.13,5444.16
302336,593,6550,11/12/2023,Ll-4882,Recently,84,49.55,4162.2
608513,220,4515,28/12/2023,hd-7362,Name,39,71.35,2782.65
140090,314,4248,10/08/2024,jK-1192,Determine,27,82.56,2229.12
777472,551,9776,29/03/2024,Fi-5116,Government,8,172.46,1379.68
701317,220,3786,22/10/2024,WM-8393,Over,71,129.49,9193.79
565557,571,8718,02/07/2024,gV-4126,Well,69,112.98,7795.62
297644,593,4646,10/11/2024,YR-2244,Garden,78,141.77,11058.06
277360,571,7604,02/05/2024,za-5811,Assume,39,145.47,5673.33
297773,593,7143,23/03/2024,Lh-6356,Get,23,150.62,3464.26
168694,551,3873,16/05/2024,yT-9743,Artist,32,73.85,2363.2
461621,220,6563,18/03/2024,Da-2184,Strong,90,130.55,11749.5
951072,571,3306,08/07/2024,vR-2289,Six,47,65.01,3055.47
576232,593,7276,04/10/2024,sb-1647,Interview,77,92.84,7148.68
124929,551,3448,20/09/2024,vt-7124,Policy,35,127,4445
263104,571,2223,18/05/2024,jA-7095,Surface,21,152.79,3208.59
127956,551,7243,06/03/2024,AW-2921,Music,32,103.41,3309.12
574817,593,4644,13/10/2024,iS-8265,Worker,82,127.06,10418.92
688887,551,3967,29/03/2024,ph-9211,Degree,49,186.94,9160.06
601604,593,4248,27/10/2024,qw-3065,Performance,98,188.75,18497.5
364953,551,8825,01/05/2024,Bo-8047,Under,89,22.9,2038.1
893727,593,3112,23/08/2024,Uz-7089,Sell,24,65.49,1571.76
938905,593,8285,07/10/2024,sZ-5395,Commercial,2,143.3,286.6
285663,551,3786,19/08/2024,Vy-4315,Clear,96,21.18,2033.28
416460,593,8555,21/09/2024,bQ-4926,What,50,116.95,5847.5
963890,593,9779,11/12/2023,eR-2661,Over,45,163.72,7367.4
362109,220,4644,06/06/2024,JT-1357,Political,99,14.86,1471.14
932718,593,8289,19/12/2023,Md-2299,Two,83,160.08,13286.64
559172,571,2851,07/09/2024,Fe-4380,Adult,87,199.31,17339.97
780319,593,4732,29/11/2023,WQ-9327,Decision,15,106.64,1599.6
646290,593,7964,02/03/2024,xI-9912,System,37,117.2,4336.4
929059,593,4248,11/11/2023,Yo-9548,Partner,64,127.26,8144.64
418549,593,7507,15/11/2023,vr-9651,The,33,116.61,3848.13
903765,571,7046,24/03/2024,wc-1492,Several,25,72.5,1812.5
115202,571,4163,01/10/2024,oB-9606,Over,70,121.41,8498.7
587613,314,8718,04/03/2024,Ie-0297,Raise,69,58.55,4039.95
914188,593,2968,16/11/2023,yM-0126,Continue,60,86.64,5198.4
869661,551,5279,04/02/2024,zz-8100,Team,46,114.09,5248.14
396729,220,2851,16/01/2024,Hm-6056,Wind,48,143.21,6874.08
638848,593,2968,21/09/2024,AF-5930,Must,31,179.14,5553.34
760873,571,5261,29/11/2023,Km-3572,Difference,37,139.33,5155.21
137412,571,4080,27/01/2024,Ut-1455,Study,58,50.8,2946.4
250873,593,6387,20/01/2024,yZ-9640,Surface,86,56.05,4820.3
215879,593,5573,30/08/2024,Yo-9726,It,20,24.65,493
898727,220,4644,09/04/2024,Sx-2879,Wide,49,139.46,6833.54
148241,571,3124,17/07/2024,Gz-9833,Mention,78,138.09,10771.02
335139,220,7572,20/06/2024,kt-1812,Ahead,7,110.01,770.07
434641,571,7143,25/12/2023,Yl-2989,Office,80,20.6,1648
536324,314,3209,18/02/2024,Gn-0520,Senior,34,142.06,4830.04
566352,220,9148,27/07/2024,Wp-9460,Perform,72,133.21,9591.12
379190,220,9075,25/01/2024,xs-5147,Article,63,37.8,2381.4
377728,220,7460,07/08/2024,vo-1543,Effect,1,95.48,95.48
971136,571,7144,27/01/2024,qQ-3618,Concern,21,93.13,1955.73
463163,593,9075,26/10/2024,IB-6080,Reveal,13,83.12,1080.56
214840,314,7276,17/02/2024,gG-3841,Knowledge,9,15.83,142.47
806843,551,2968,12/06/2024,sU-5221,Throw,71,107.17,7609.07
936995,220,8289,24/08/2024,pI-4274,Partner,95,93.28,8861.6
823242,220,7876,12/02/2024,Br-1735,Word,21,100.85,2117.85
443627,220,6550,05/11/2024,Gi-1275,At,1,28.26,28.26
902931,593,3854,07/05/2024,tE-6759,Chance,56,47.89,2681.84
397174,220,5279,28/11/2023,le-6179,Source,30,53.84,1615.2
218390,571,5472,13/10/2024,BO-6341,Your,93,105.42,9804.06
711817,314,4130,04/03/2024,zV-8090,Itself,80,173.27,13861.6
649210,571,8555,01/04/2024,hI-3321,Point,59,154.07,9090.13
252478,571,7144,04/03/2024,BX-5783,Church,26,179.29,4661.54
727237,314,6550,30/06/2024,vj-2520,Board,40,186.54,7461.6
638317,593,8289,12/03/2024,gV-9318,Result,17,66.59,1132.03
600713,571,4838,01/06/2024,Nf-9745,Detail,43,176.76,7600.68
143336,220,8845,14/07/2024,oL-6485,Well,41,182.17,7468.97
456815,551,5859,20/02/2024,Qg-1720,Leg,49,33.05,1619.45
843235,571,6014,28/02/2024,vU-5470,Fund,61,120.38,7343.18
769125,314,6550,13/02/2024,mb-5556,Indeed,67,167.71,11236.57
759000,551,4841,23/06/2024,bI-8469,Top,22,31.03,682.66
224589,551,3709,12/03/2024,id-0621,Realize,78,33.63,2623.14
683352,314,8555,03/03/2024,fW-3539,Dog,53,107.53,5699.09
800120,593,8718,27/04/2024,Dr-5401,Project,38,163.81,6224.78
500116,314,5859,02/02/2024,ak-2702,Owner,30,130.95,3928.5
812789,551,9548,29/10/2024,Qo-0150,Treatment,75,172.57,12942.75
337157,571,3209,21/05/2024,VP-4495,Not,44,29.54,1299.76
428731,220,9779,22/07/2024,pi-7980,Sit,44,175.37,7716.28
323284,551,4907,09/02/2024,MJ-1210,Benefit,57,58.64,3342.48
718629,314,7710,01/10/2024,za-9677,Simply,77,163.22,12567.94
746341,551,2968,02/09/2024,iN-8583,Firm,45,10.55,474.75
680831,571,8845,04/03/2024,DK-6980,Our,12,84.16,1009.92
359396,220,4515,04/11/2024,Vh-6484,Tend,8,63.18,505.44
429253,571,8959,20/06/2024,Cg-4847,Whom,16,134.56,2152.96
715686,220,9807,22/09/2024,vV-4516,According,70,10.15,710.5
948715,551,8555,23/12/2023,mK-5918,Report,74,25.6,1894.4
800213,571,4080,12/11/2023,hH-0047,Reduce,69,51.51,3554.19
120941,571,7046,23/05/2024,Yq-3484,Deep,69,94.18,6498.42
880416,593,8686,14/04/2024,va-9774,Son,38,62.66,2381.08
704219,220,2330,07/09/2024,vS-9941,Benefit,33,132.97,4388.01
261027,551,3112,08/04/2024,NR-7454,Yourself,47,144.15,6775.05
884851,593,8276,03/09/2024,Dq-3287,Maybe,20,56.6,1132
198551,571,7144,13/12/2023,xv-2804,Here,66,37.83,2496.78
159794,314,7367,08/04/2024,cI-5247,Mother,73,67.84,4952.32
417550,220,3786,13/03/2024,wb-4951,System,98,25.49,2498.02
570644,314,8959,28/09/2024,sS-9259,Everything,22,49.99,1099.78
614980,314,6600,11/11/2023,oh-7235,Two,90,54.95,4945.5
771936,571,3115,29/11/2023,cu-6769,Agree,52,128.65,6689.8
811128,220,5792,15/11/2023,Dg-7432,Safe,91,155.78,14175.98
905236,220,3709,23/08/2024,gi-6804,Article,36,56.98,2051.28
111000,314,7276,19/02/2024,Ze-6894,Goal,8,49.36,394.88
605013,551,2223,24/06/2024,dV-5453,Nature,25,50.11,1252.75
349645,314,9770,30/04/2024,cH-8065,Unit,56,43.17,2417.52
312813,571,7507,14/08/2024,UI-1830,Form,17,84.25,1432.25
256964,220,3124,16/09/2024,FB-3978,Couple,58,151.91,8810.78
568404,220,4425,20/02/2024,Vv-2054,Produce,73,139.79,10204.67
387464,593,5279,07/02/2024,iM-6001,Give,86,29.86,2567.96
691178,593,4163,14/01/2024,Lj-0082,Bar,79,89.16,7043.64
246328,551,7572,08/01/2024,bx-8266,Fight,99,77.69,7691.31
461005,593,3306,08/09/2024,ax-9039,Stage,91,144.43,13143.13
907009,571,8264,01/04/2024,xe-5195,It,60,166.63,9997.8
296842,551,4515,30/03/2024,Hl-9423,Plan,39,73.71,2874.69
241484,551,4818,09/11/2024,LJ-8159,Process,43,138.02,5934.86
750814,314,7964,18/12/2023,Dq-9254,Likely,26,154.52,4017.52
293905,593,8845,12/04/2024,jq-6515,Total,16,49.55,792.8
929472,593,6600,19/01/2024,Yx-5715,Executive,91,183.41,16690.31
794652,571,8959,26/03/2024,kL-2633,Machine,76,69.46,5278.96
723486,220,3709,24/04/2024,ib-9305,Let,31,179.93,5577.83
529040,593,4931,01/11/2024,sN-9106,Road,72,10.11,727.92
309007,551,5573,26/04/2024,NF-0936,Thought,69,156.03,10766.07
617682,220,3306,30/06/2024,tl-6660,Computer,43,197.12,8476.16
970706,314,3135,14/03/2024,kK-1897,Trip,52,37.67,1958.84
508901,314,5194,07/02/2024,YX-2407,Former,56,95.83,5366.48
603178,593,4931,11/10/2024,Kb-5834,Military,99,23.87,2363.13
829490,220,2490,03/01/2024,sN-4350,Lawyer,59,116.04,6846.36
868445,314,7046,07/02/2024,iq-0396,Seven,51,156.15,7963.65
766404,220,6563,22/06/2024,KQ-8326,Trouble,53,78.21,4145.13
874483,571,3112,15/05/2024,bV-5792,Place,5,27.19,135.95
515472,220,9548,23/07/2024,sF-6542,Ever,46,150.61,6928.06
516473,593,8718,12/08/2024,Sl-9373,Model,64,42.2,2700.8
899500,314,3112,10/11/2024,Hs-7063,Road,33,135.11,4458.63
545998,571,9548,21/12/2023,Wn-4422,Food,13,67.91,882.83
236714,220,2121,13/01/2024,Zk-5399,As,91,105.49,9599.59
209836,551,6128,30/12/2023,ld-4944,Family,91,161.85,14728.35
700724,220,4841,30/09/2024,vT-5164,Pick,42,148.02,6216.84
688343,314,4841,01/06/2024,Zd-4188,All,48,110.59,5308.32
458067,593,7243,19/08/2024,QL-6975,Suddenly,11,128.71,1415.81
340014,220,8289,27/12/2023,qX-6619,Offer,7,130.97,916.79
460538,220,3873,20/10/2024,yx-2002,Talk,76,199.88,15190.88
129552,314,4425,03/04/2024,zI-5899,Yet,55,177.59,9767.45
847927,593,2851,24/12/2023,nu-1983,Quality,41,62.44,2560.04
681894,571,4787,15/04/2024,Ow-2010,Despite,23,188.22,4329.06
531711,551,4515,19/06/2024,fg-1635,World,5,156.57,782.85
860849,593,2330,30/08/2024,ny-2432,Learn,64,181.64,11624.96
308644,571,8264,09/10/2024,AT-3084,Store,77,42.09,3240.93
325642,220,2330,26/05/2024,qG-1955,East,65,159.17,10346.05
623011,551,5194,22/06/2024,Qg-3909,Evidence,63,97.72,6156.36
553198,571,4163,16/07/2024,vh-1015,Pretty,29,149.76,4343.04
396765,314,5573,18/12/2023,gz-3491,Media,80,147.73,11818.4
256427,571,8276,28/10/2024,ic-5323,Send,24,141.56,3397.44
697979,593,5194,02/12/2023,pB-7788,Trouble,4,96.18,384.72
359527,220,7780,03/02/2024,Ts-9152,Blue,89,158.2,14079.8
570997,220,8959,04/05/2024,mZ-3747,Local,59,78.32,4620.88
801582,314,4818,12/01/2024,wB-9396,Everybody,2,90.08,180.16
509566,571,7780,14/01/2024,hZ-2987,Easy,8,179.06,1432.48
738129,314,9602,27/10/2024,tC-5940,TRUE,79,44.33,3502.07
322012,593,4248,12/04/2024,bx-3495,Teacher,48,107.68,5168.64
136651,314,7780,24/04/2024,Vd-0980,Argue,30,180.7,5421
526781,593,9776,10/07/2024,Jy-4750,Born,4,95.16,380.64
541187,314,4818,25/02/2024,wP-0500,Summer,55,153.63,8449.65
807015,571,5511,03/09/2024,Og-1908,They,58,173.35,10054.3
700661,593,3209,29/08/2024,LA-8039,Their,6,182.52,1095.12
393201,571,4130,20/12/2023,Jp-1212,During,52,25.7,1336.4
606538,593,3347,01/11/2024,dH-9463,Next,61,53.42,3258.62
611738,593,2968,06/10/2024,SQ-1326,Low,37,133.39,4935.43
169581,314,3448,14/02/2024,RF-3126,Kitchen,53,137.58,7291.74
368781,571,5734,04/07/2024,SQ-3808,In,34,172.6,5868.4
262709,220,8198,09/08/2024,ty-7920,Pass,57,159.13,9070.41
603119,314,8285,26/07/2024,XO-7965,TRUE,68,175.12,11908.16
658853,220,4123,08/02/2024,pv-1488,Window,2,191.31,382.62
965520,220,8845,17/08/2024,rs-4386,Store,10,13.2,132
499084,314,3448,15/03/2024,tm-5314,Blue,66,85.92,5670.72
354282,571,5511,17/04/2024,AY-8253,Majority,41,154.03,6315.23
989121,593,9075,14/02/2024,eL-4856,Maybe,22,124.62,2741.64
561374,220,7876,31/07/2024,Zr-1218,Evidence,7,85.41,597.87
109042,314,5734,10/04/2024,kY-6309,As,14,28.32,396.48
536145,220,6392,24/04/2024,rE-5660,Recently,74,170.39,12608.86
700376,220,2851,27/06/2024,NJ-0102,Economic,76,25.62,1947.12
272162,314,2386,25/10/2024,sW-5628,Win,87,123.41,10736.67
610090,220,8686,14/02/2024,mp-1429,Center,65,111.26,7231.9
113889,593,4841,23/10/2024,UH-0744,Again,76,181.33,13781.08
499523,551,8686,10/05/2024,Pa-9202,Nearly,92,190.1,17489.2
518867,571,9599,27/03/2024,UG-1507,Each,67,29.85,1999.95
371486,551,6128,05/04/2024,kn-0677,Program,47,62.62,2943.14
215341,593,4130,10/10/2024,nO-8818,Speech,18,84.32,1517.76
846581,220,6801,05/10/2024,oV-8654,Picture,10,52.44,524.4
162257,593,7604,13/03/2024,Zl-4199,Box,68,42.01,2856.68
581326,314,3135,07/09/2024,Bl-0754,Always,30,100.07,3002.1
847719,314,6392,02/06/2024,tM-2263,Night,84,144.54,12141.36
706842,593,9075,30/11/2023,XQ-0309,Someone,18,190.89,3436.02
487516,314,3580,21/09/2024,rH-4794,Give,91,21.04,1914.64
492600,571,6206,31/12/2023,Ug-1781,Class,22,178.51,3927.22
272434,220,3389,21/03/2024,Uw-6384,Produce,4,129.62,518.48
471130,220,3115,17/02/2024,QA-8081,Recently,92,101.89,9373.88
216507,314,6392,21/06/2024,UD-6711,Think,90,81.41,7326.9
757951,593,5792,06/01/2024,cw-6268,Large,58,128.82,7471.56
391944,593,9548,28/02/2024,Iu-2197,White,85,169.25,14386.25
939449,220,8264,29/06/2024,CV-3803,Several,33,26.27,866.91
759802,220,8264,25/05/2024,cU-6288,Debate,23,89.52,2058.96
397529,551,7367,13/06/2024,xS-3408,Side,83,52.76,4379.08
398308,551,2623,08/04/2024,tn-2039,Line,64,15.27,977.28
408675,314,9599,12/11/2023,Sa-0668,Room,73,37.91,2767.43
274601,314,6801,30/07/2024,Wr-1563,Specific,87,106.19,9238.53
521085,593,7572,23/05/2024,un-5921,Red,39,79.69,3107.91
143993,314,8845,11/04/2024,GT-6453,Something,34,108.17,3677.78
347976,314,8825,18/06/2024,Yp-9907,Describe,67,132.31,8864.77
394622,220,3934,12/01/2024,fo-2730,Individual,31,176.36,5467.16
516654,551,8882,23/04/2024,TZ-0294,Vote,23,15.84,364.32
423486,551,9779,22/07/2024,Fy-0934,Budget,52,85.61,4451.72
743011,593,5859,29/07/2024,oN-5175,Party,25,104.8,2620
146449,593,8686,14/09/2024,ts-1573,Sit,70,189.56,13269.2
203929,571,7876,05/09/2024,mF-0196,Democratic,62,153.81,9536.22
612467,551,6563,25/09/2024,kj-8687,Above,59,102.87,6069.33
650354,571,6387,05/05/2024,fK-1652,Special,26,41.87,1088.62
742089,220,6600,22/03/2024,RY-7937,Kind,89,157.94,14056.66
153499,571,5792,11/01/2024,QB-4484,Woman,86,116,9976
916889,314,7732,27/06/2024,sU-0717,Manage,81,105.01,8505.81
817327,593,8198,13/06/2024,Pt-5791,Develop,29,112.73,3269.17
889078,551,3306,02/11/2024,Pj-6757,Star,31,53.32,1652.92
822966,314,8718,16/05/2024,nL-5149,Central,24,165.6,3974.4
797529,593,4818,02/06/2024,JL-4120,Show,38,94.55,3592.9
904617,220,8285,29/07/2024,rl-8787,Accept,80,126.5,10120
965761,593,8718,17/07/2024,dS-6546,Which,3,123.56,370.68
134355,571,4123,29/11/2023,yE-3610,Picture,81,10.61,859.41
320073,220,8882,26/12/2023,Md-4027,Audience,16,11.76,188.16
119874,551,4248,16/02/2024,pP-2723,Discuss,28,60.85,1703.8
665753,593,5472,23/07/2024,vj-0077,Race,81,137.06,11101.86
175365,314,6801,04/12/2023,zX-9003,Speech,27,174.14,4701.78
376965,551,6128,10/09/2024,Jj-0741,Base,98,91.18,8935.64
488262,571,6550,18/08/2024,RN-5838,Understand,3,71.17,213.51
941137,571,3115,09/07/2024,Hp-3884,Coach,40,164.33,6573.2
294315,551,5734,27/03/2024,BG-1146,Environmental,79,67.16,5305.64
655616,314,2223,09/01/2024,ld-1561,Issue,88,104.55,9200.4
686124,551,3115,23/11/2023,pW-9495,Adult,87,195.57,17014.59
157974,314,4732,09/11/2024,hO-0035,Simple,16,67.85,1085.6
954992,593,7604,20/07/2024,dW-1447,Both,66,74.22,4898.52
543894,593,3112,09/02/2024,UR-4499,Site,7,132.77,929.39
216091,314,8882,22/10/2024,xY-2815,Example,26,56.07,1457.82
483370,571,6014,01/12/2023,ra-1645,Certainly,25,91.38,2284.5
613168,314,9779,20/03/2024,wI-3316,Recently,72,152.98,11014.56
176503,593,7367,12/01/2024,fs-2938,Season,68,98.26,6681.68
625135,220,6550,01/09/2024,DL-6053,Other,82,120.66,9894.12
311591,571,5734,10/05/2024,wM-8173,Form,45,134.08,6033.6
457995,220,8289,16/08/2024,WP-9906,Shoulder,36,14.79,532.44
211933,314,4163,12/03/2024,ix-6653,Worry,33,185.6,6124.8
493406,593,2851,09/04/2024,eZ-8433,However,11,72.05,792.55
979285,220,3209,30/01/2024,Zy-2305,Rather,3,164.19,492.57
166103,220,5085,27/10/2024,cx-1989,Claim,81,35.26,2856.06
272112,314,5859,28/03/2024,Xs-7654,Fund,53,109.73,5815.69
548340,551,6600,23/08/2024,iA-2727,Now,61,168.41,10273.01
760290,593,7572,26/03/2024,Sw-5102,Gas,91,33.22,3023.02
797312,571,6387,29/01/2024,dg-1459,Say,4,143.85,575.4
559184,314,8882,14/10/2024,DE-8930,Attorney,37,124.76,4616.12
348834,551,6014,10/12/2023,wx-3393,Account,100,73.29,7329
411451,551,5261,06/08/2024,dw-4059,Community,97,87.4,8477.8
530681,220,5511,11/12/2023,EI-6827,Religious,12,55.41,664.92
776181,314,7243,12/03/2024,DF-0501,Second,85,184.05,15644.25
107264,593,8555,15/02/2024,gA-8016,Care,60,84.87,5092.2
991262,551,4732,14/05/2024,ya-9949,TRUE,25,120.02,3000.5
657099,551,5472,23/11/2023,lD-9329,Could,60,118.13,7087.8
574608,220,7507,24/01/2024,EF-0808,Important,91,141.23,12851.93
381030,571,3934,01/10/2024,IP-7599,Property,14,76.38,1069.32
204198,551,3580,01/09/2024,FE-2907,Example,12,128.34,1540.08
545057,593,7876,06/02/2024,Fp-0056,Police,77,170.7,13143.9
716185,314,3934,19/11/2023,mS-8395,Clearly,21,62.3,1308.3
923585,593,9599,04/03/2024,Ng-8826,School,95,40.22,3820.9
368710,571,8198,07/04/2024,zj-3195,Sport,81,49.75,4029.75
946164,220,9075,30/07/2024,qB-6871,Heavy,83,21.08,1749.64
927696,551,2361,07/10/2024,Qq-5656,Account,23,141.01,3243.23
318487,220,9548,04/11/2024,ua-7531,How,93,10.11,940.23
538827,571,4732,28/01/2024,uh-9636,Adult,34,197.23,6705.82
317100,220,6600,14/07/2024,fn-4134,Collection,25,120.9,3022.5
346858,571,4515,21/06/2024,pP-6542,Near,40,197.81,7912.4
618112,220,6128,13/11/2023,at-2791,Threat,54,38.09,2056.86
564812,551,9779,18/08/2024,iO-4388,Thus,56,21.88,1225.28
976555,571,7367,03/08/2024,Xu-5422,International,89,120.37,10712.93
842607,593,4515,04/03/2024,lM-5776,Long,76,134.12,10193.12
319473,314,9602,21/02/2024,vY-6670,Tough,43,166.21,7147.03
615271,551,3934,23/03/2024,PO-0575,Leg,6,166.08,996.48
170631,593,3347,17/12/2023,Bv-8449,Value,92,34.56,3179.52
786773,593,8882,19/07/2024,PA-7157,Office,45,84.85,3818.25
134528,571,7406,13/04/2024,Xb-8505,Person,91,14.37,1307.67
593191,551,3967,24/05/2024,tG-9630,Such,65,41.99,2729.35
662490,593,7876,25/01/2024,Gz-9831,Buy,34,159.15,5411.1
675919,571,4248,01/12/2023,CR-4550,Shoulder,93,179.42,16686.06
910264,220,3135,08/01/2024,PZ-8909,Police,80,50.2,4016
739381,220,4732,16/04/2024,VI-4749,Whole,67,182.09,12200.03
806813,571,5511,05/02/2024,FV-4233,Eight,30,124.61,3738.3
355663,593,7604,03/09/2024,Tu-4539,Church,63,134.5,8473.5
165888,593,8285,12/09/2024,Mn-6339,They,41,143.93,5901.13
499772,551,8959,12/10/2024,fV-2749,Beyond,92,27.08,2491.36
904492,314,8686,14/08/2024,wf-4300,Yourself,69,176.32,12166.08
572038,314,8959,02/03/2024,oR-4764,Operation,76,154.08,11710.08
489680,220,3786,04/06/2024,xh-9156,Nor,57,12.11,690.27
911019,220,8718,23/10/2024,Ly-2979,New,63,96.16,6058.08
467451,314,4644,15/09/2024,Ze-4822,Class,57,181.22,10329.54
198021,593,3112,18/02/2024,Uy-0385,Operation,65,163.2,10608
465466,220,7144,12/10/2024,bX-1897,Degree,12,22.18,266.16
669423,314,9779,18/09/2024,LJ-6066,Operation,30,11.2,336
355931,571,8289,21/12/2023,tP-1568,Difficult,95,30.1,2859.5
617291,314,7710,08/05/2024,HI-2994,Manager,85,111.66,9491.1
926914,314,8276,31/03/2024,Dj-1055,Night,62,53.35,3307.7
387146,571,3347,30/11/2023,Pt-1727,Provide,70,52.28,3659.6
634932,220,6014,09/01/2024,GR-2913,See,87,181.56,15795.72
269542,593,7143,07/05/2024,Wv-0185,Late,17,139.8,2376.6
466675,220,7572,06/02/2024,LG-1679,View,52,127.62,6636.24
193438,593,7780,20/06/2024,bv-9974,Nothing,76,139.58,10608.08
602536,314,9770,27/12/2023,Yx-8419,Analysis,100,104.82,10482
914081,551,6563,25/06/2024,Eo-2425,Hundred,33,105.03,3465.99
969081,593,8264,21/03/2024,KC-8055,Democratic,35,50.77,1776.95
579422,220,9599,20/04/2024,BE-9956,Cut,37,87.22,3227.14
267423,571,4425,15/05/2024,ak-0307,Body,14,124.08,1737.12
271344,314,6387,30/05/2024,mH-3116,Well,41,17.88,733.08
122527,593,4931,12/01/2024,vG-6216,Soon,60,83.64,5018.4
336295,593,3389,30/07/2024,mH-7011,Book,13,60.73,789.49
209163,593,6387,16/06/2024,lq-1910,Write,78,66.9,5218.2
580085,571,7144,23/06/2024,KK-8244,Population,90,191.68,17251.2
333679,551,9148,15/03/2024,vQ-4272,Decision,44,48.77,2145.88
